{
	"info": {
		"_postman_id": "aacf0594-a57e-461b-9ad0-da76e5a8ff5b",
		"name": "Node",
		"schema": "https://schema.getpostman.com/json/collection/v2.1.0/collection.json",
		"_exporter_id": "24846071"
	},
	"item": [
		{
			"name": "Auth",
			"item": [
				{
					"name": "Login",
					"event": [
						{
							"listen": "test",
							"script": {
								"exec": [
									"pm.environment.set(\"ACCESS_TOKEN\", pm.response.json().data.token);"
								],
								"type": "text/javascript",
								"packages": {}
							}
						}
					],
					"protocolProfileBehavior": {
						"disabledSystemHeaders": {}
					},
					"request": {
						"method": "POST",
						"header": [],
						"body": {
							"mode": "raw",
							"raw": "// {\r\n//                 username: \"system_admin\",\r\n//                 password: \"Admin@123\",\r\n// }\r\n// {\r\n//                 \"username\": \"system_manager\",\r\n//                 \"password\": \"Admin@123\",\r\n// }\r\n{\r\n                \"username\": \"system_leader1\",\r\n                \"password\": \"Admin@123\"\r\n}\r\n{\r\n                \"username\": \"system_staff1\",\r\n                \"password\": \"Admin@123\"\r\n}\r\n{\r\n                \"username\": \"system_staff2\",\r\n                \"password\": \"Admin@123\"\r\n}\r\n{\r\n                \"username\": \"system_leader2\",\r\n                \"password\": \"Admin@123\"\r\n}",
							"options": {
								"raw": {
									"language": "json"
								}
							}
						},
						"url": {
							"raw": "{{API_HOST}}/api/v1/users/login",
							"host": [
								"{{API_HOST}}"
							],
							"path": [
								"api",
								"v1",
								"users",
								"login"
							]
						}
					},
					"response": []
				},
				{
					"name": "Register",
					"request": {
						"method": "POST",
						"header": [],
						"body": {
							"mode": "raw",
							"raw": "{\r\n    \"username\": \"system_admin\",\r\n    \"password\": \"helloworld\",\r\n    \"role\": \"president\"\r\n}",
							"options": {
								"raw": {
									"language": "json"
								}
							}
						},
						"url": {
							"raw": "{{API_HOST}}/api/v1/users/register",
							"host": [
								"{{API_HOST}}"
							],
							"path": [
								"api",
								"v1",
								"users",
								"register"
							]
						}
					},
					"response": []
				}
			]
		},
		{
			"name": "Users",
			"item": [
				{
					"name": "List",
					"request": {
						"auth": {
							"type": "bearer",
							"bearer": [
								{
									"key": "token",
									"value": "",
									"type": "string"
								}
							]
						},
						"method": "GET",
						"header": [],
						"url": {
							"raw": "{{API_HOST}}/api/v1/users",
							"host": [
								"{{API_HOST}}"
							],
							"path": [
								"api",
								"v1",
								"users"
							]
						}
					},
					"response": []
				},
				{
					"name": "Create",
					"request": {
						"method": "GET",
						"header": []
					},
					"response": []
				},
				{
					"name": "New Request",
					"request": {
						"method": "GET",
						"header": []
					},
					"response": []
				}
			]
		},
		{
			"name": "Roles",
			"item": [
				{
					"name": "List",
					"request": {
						"auth": {
							"type": "bearer",
							"bearer": [
								{
									"key": "token",
									"value": "{{ACCESS_TOKEN}}",
									"type": "string"
								}
							]
						},
						"method": "GET",
						"header": [],
						"url": {
							"raw": "{{API_HOST}}/api/v1/roles",
							"host": [
								"{{API_HOST}}"
							],
							"path": [
								"api",
								"v1",
								"roles"
							]
						}
					},
					"response": []
				},
				{
					"name": "Create",
					"request": {
						"auth": {
							"type": "bearer",
							"bearer": [
								{
									"key": "token",
									"value": "{{ACCESS_TOKEN}}",
									"type": "string"
								}
							]
						},
						"method": "POST",
						"header": [],
						"body": {
							"mode": "raw",
							"raw": "{\r\n    \"name\": \"Staff\",\r\n    \"role\": \"staff\",\r\n    \"permissions\": [\r\n        {\r\n            \"key\": \"customers\",\r\n            \"actions\": [\r\n                {\r\n                    \"method\": \"read\",\r\n                    \"conditions\": [\r\n                        \"theirOwnCustomer\"\r\n                    ]\r\n                },\r\n                {\r\n                    \"method\": \"create\",\r\n                    \"conditions\": [\r\n                        \"theirOwnCustomer\"\r\n                    ]\r\n                }\r\n            ]\r\n        }\r\n    ]\r\n}",
							"options": {
								"raw": {
									"language": "json"
								}
							}
						},
						"url": {
							"raw": "{{API_HOST}}/api/v1/roles",
							"host": [
								"{{API_HOST}}"
							],
							"path": [
								"api",
								"v1",
								"roles"
							]
						}
					},
					"response": []
				},
				{
					"name": "Delete",
					"request": {
						"auth": {
							"type": "bearer",
							"bearer": [
								{
									"key": "token",
									"value": "{{ACCESS_TOKEN}}",
									"type": "string"
								}
							]
						},
						"method": "DELETE",
						"header": [],
						"url": {
							"raw": "{{API_HOST}}/api/v1/roles/:id",
							"host": [
								"{{API_HOST}}"
							],
							"path": [
								"api",
								"v1",
								"roles",
								":id"
							],
							"variable": [
								{
									"key": "id",
									"value": "66b719fc37870f265064dcaf"
								}
							]
						}
					},
					"response": []
				},
				{
					"name": "Update",
					"request": {
						"auth": {
							"type": "bearer",
							"bearer": [
								{
									"key": "token",
									"value": "{{ACCESS_TOKEN}}",
									"type": "string"
								}
							]
						},
						"method": "PUT",
						"header": [],
						"body": {
							"mode": "raw",
							"raw": "{\r\n    \"permissions\": [\r\n        {\r\n            \"key\": \"users\",\r\n            \"actions\": [\r\n                \"create\",\r\n                \"update\",\r\n                \"delete\",\r\n                \"read\",\r\n                \"full\"\r\n            ]\r\n        },\r\n        {\r\n            \"key\": \"customers\",\r\n            \"actions\": [\r\n                \"create\",\r\n                \"update\",\r\n                \"delete\",\r\n                \"read\",\r\n                \"full\"\r\n            ]\r\n        }\r\n    ]\r\n}",
							"options": {
								"raw": {
									"language": "json"
								}
							}
						},
						"url": {
							"raw": "{{API_HOST}}/api/v1/roles/:id",
							"host": [
								"{{API_HOST}}"
							],
							"path": [
								"api",
								"v1",
								"roles",
								":id"
							],
							"variable": [
								{
									"key": "id",
									"value": "66b71c955e5a0eb7be0a644b"
								}
							]
						}
					},
					"response": []
				}
			]
		},
		{
			"name": "Employees",
			"item": [
				{
					"name": "List",
					"request": {
						"method": "GET",
						"header": [],
						"url": {
							"raw": "{{API_HOST}}/api/v1/employees",
							"host": [
								"{{API_HOST}}"
							],
							"path": [
								"api",
								"v1",
								"employees"
							]
						}
					},
					"response": []
				},
				{
					"name": "Create",
					"request": {
						"auth": {
							"type": "bearer",
							"bearer": [
								{
									"key": "token",
									"value": "{{ACCESS_TOKEN}}",
									"type": "string"
								}
							]
						},
						"method": "POST",
						"header": [],
						"body": {
							"mode": "raw",
							"raw": "{\r\n    \"employeeNumber\": 100,\r\n    \"lastName\": \"Khoa\",\r\n    \"firstName\": \"Nguyen\",\r\n    \"extension\": \"Hello\",\r\n    \"email\": \"khoanguyen@gmail.com\",\r\n    \"officeCode\": \"103211\",\r\n    \"jobTitle\": \"Staff\",\r\n}",
							"options": {
								"raw": {
									"language": "json"
								}
							}
						},
						"url": {
							"raw": "{{API_HOST}}/api/v1/employees",
							"host": [
								"{{API_HOST}}"
							],
							"path": [
								"api",
								"v1",
								"employees"
							]
						}
					},
					"response": []
				},
				{
					"name": "Update",
					"request": {
						"auth": {
							"type": "bearer",
							"bearer": [
								{
									"key": "token",
									"value": "{{ACCESS_TOKEN}}",
									"type": "string"
								}
							]
						},
						"method": "PUT",
						"header": [],
						"body": {
							"mode": "raw",
							"raw": "{\n  \"firstName\": \"Nguyen\"\n}",
							"options": {
								"raw": {
									"language": "json"
								}
							}
						},
						"url": {
							"raw": "{{API_HOST}}/api/v1/employees/100",
							"host": [
								"{{API_HOST}}"
							],
							"path": [
								"api",
								"v1",
								"employees",
								"100"
							]
						}
					},
					"response": []
				},
				{
					"name": "Delete",
					"request": {
						"method": "DELETE",
						"header": [],
						"url": {
							"raw": "{{API_HOST}}/api/v1/employees/:id",
							"host": [
								"{{API_HOST}}"
							],
							"path": [
								"api",
								"v1",
								"employees",
								":id"
							],
							"variable": [
								{
									"key": "id",
									"value": "100"
								}
							]
						}
					},
					"response": []
				}
			]
		},
		{
			"name": "Customers",
			"item": [
				{
					"name": "List",
					"request": {
						"method": "GET",
						"header": [],
						"url": {
							"raw": "{{API_HOST}}/api/v1/customers",
							"host": [
								"{{API_HOST}}"
							],
							"path": [
								"api",
								"v1",
								"customers"
							]
						}
					},
					"response": []
				},
				{
					"name": "Create",
					"request": {
						"auth": {
							"type": "bearer",
							"bearer": [
								{
									"key": "token",
									"value": "{{ACCESS_TOKEN}}",
									"type": "string"
								}
							]
						},
						"method": "POST",
						"header": [],
						"body": {
							"mode": "raw",
							"raw": "{\r\n    \"customerNumber\": 10,\r\n    \"customerName\": \"Truong Hung\",\r\n    \"contactLastName\": \"Hung\",\r\n    \"contactFirstName\": \"Truong\",\r\n    \"phone\": \"0968239801\",\r\n    \"addressLine1\": \"292 Kim giang\",\r\n    \"addressLine2\": null,\r\n    \"city\": \"Ha noi\",\r\n    \"state\": \"Hoang Mai\",\r\n    \"postalCode\": \"10000\",\r\n    \"country\": \"Viet nam\",\r\n    \"salesRepEmployeeNumber\": 123,\r\n    \"creditLimit\": 123.32131\r\n}",
							"options": {
								"raw": {
									"language": "json"
								}
							}
						},
						"url": {
							"raw": "{{API_HOST}}/api/v1/customers",
							"host": [
								"{{API_HOST}}"
							],
							"path": [
								"api",
								"v1",
								"customers"
							]
						}
					},
					"response": []
				},
				{
					"name": "Update",
					"request": {
						"method": "PUT",
						"header": [],
						"url": {
							"raw": "{{API_HOST}}/api/v1/customers/:id",
							"host": [
								"{{API_HOST}}"
							],
							"path": [
								"api",
								"v1",
								"customers",
								":id"
							],
							"variable": [
								{
									"key": "id",
									"value": ""
								}
							]
						}
					},
					"response": []
				},
				{
					"name": "Delete",
					"request": {
						"auth": {
							"type": "bearer",
							"bearer": [
								{
									"key": "token",
									"value": "{{ACCESS_TOKEN}}",
									"type": "string"
								}
							]
						},
						"method": "DELETE",
						"header": [],
						"url": {
							"raw": "{{API_HOST}}/api/v1/customers/:id",
							"host": [
								"{{API_HOST}}"
							],
							"path": [
								"api",
								"v1",
								"customers",
								":id"
							],
							"variable": [
								{
									"key": "id",
									"value": "11"
								}
							]
						}
					},
					"response": []
				}
			]
		}
	]
}